categoria;nombre_campania;descripcion;beneficiario;monto_a_recaudar;monto_recaudado;fecha_inicio;fecha_cierre;status;imagen
3;Mundial Abu Dhabi AJP;Hola, me llamo Nekane. Practico jiu-jitsu brasileÃ±o desde hace mas de 10 aÃ±os. Soy competidora a nivel internacional y este aÃ±o mi objetivo principal y sueÃ±o serÃƒÂ­a competir en el campeonato mundial de la federacion AJP celebrado en Abu Dhabi. Toda donacion sera bien recibida, y destinada unicamente a financiar el gran coste que supone viajar a otro continente. MuchÃƒÂ­simas gracias de antemano;Nekane Fuentes Teruel;3000;1224;2023-07-02;2023-09-16;1;https://mott.social/wp-content/uploads/2019/04/1-3.png
1;Recolecta de material sanitario;Hola! Somos Alejandra y Alba, y formamos parte de un grupo de voluntarias de Cooperating Volunteers. Hemos estado unas semanas participando en un programa medico. En concreto en el Mvindeni Dispensary de Ukunda, Kenia. Hacen falta muchos medicamentos y mucho material sanitario. Este centro es especÃƒÂ­fico de niÃƒÂ±os y madres embarazadas. AquÃƒÂ­ muchas de ellas sufren de malaria estando embarazadas por no poder permitirse los medicamentos para prevenirla, y a los niÃƒÂ±os ni siquiera se les puede administrar paracetamol para bajarles las fiebre. Con poco que podÃƒÂ¡is colaborar ya es un mundo. Muchas gracias! ;Mvindeni Dispensary;4000;1010;2023-07-02;2023-08-16;1;https://asociacionlevantateyanda.org/sites/default/files/dispensario-medico-finalizado.jpg
3;Ayuda a Nico para realizar el circuito Mundial WSL;Hola chicos, desde hangten convocamos un gofundme para ayudar a NicolÃƒÂ¡s Garcia, a cumplir su sueÃƒÂ±o de hacer el circuito mundial WSL de longboard, que consta de 3 pruebas Huntington California, bells beach Australia, El Salvador y la final en MalibÃƒÂº California, entre medias tiene que acudir a Newquay en Inglaterra al qs y disputar otra vez el europeo.Ante la falta de sponsors nos decidimos a crear este evento para ayudar con los gastos de seguros, inscripciones, viajes y hospedaje. Toda ayuda serÃƒÂ¡ bienvenida y seguro que entre todos vosotros (como sponsors) conseguiremos que un chaval de 20 aÃƒÂ±os cumpla su sueÃƒÂ±o y represente a Asturias y EspaÃƒÂ±a por todo el mundo, todo un hito histÃƒÂ³rico del surfing nacional, clasificarse entre los 24 mejores longboarders del mundo. Muchas gracias de antemano.;Nicolas Garcia;7500;1031;2023-07-03;2023-08-17;1;https://d3qf8nvav5av0u.cloudfront.net/image/8cf5f23ecd33765485892f186f09f344.jpg?&x=1280&y=720&icq=74&sig=8d9ecc4a15d5453911c1631fb9d85a8f
1;Ayuda para cuidar a Ricardo;"Hola, este es Ricardo. Hasta hace un mes y medio trabajaba como autÃƒÂ³nomo haciendo pequeÃƒÂ±as reparaciones tÃƒÂ©cnicas en casa y ayudando en el mantenimiento en un instituto de Jerez de la Frontera.
Se turnaba en el cuidado de su madre, ya dependiente, con su hermana Gabi, cada tres meses iban alternando tener a la mamÃƒÂ¡ en casa.
A finales de junio, al volver a casa, Ricardo se dio cuenta de que habÃƒÂ­a olvidado sus llaves y no podÃƒÂ­a entrar. LlamÃƒÂ³ a su telefonillo pero su madre no lo oyÃƒÂ³. Desesperado pensando que le habÃƒÂ­a ocurrido algo, quiso acceder al piso por el balcÃƒÂ³n en una primera planta, trepando por la fachada. Al llegar, una losa se soltÃƒÂ³ y cayÃƒÂ³ de espaldas sobre la acera.
Ricardo estÃƒÂ¡ en el Hospital Puerta Del Mar de CÃƒÂ¡diz. Ha quedado tetraplÃƒÂ©jico. La situaciÃƒÂ³n que vive su hermana Gabi es desesperada. Tiene que atenderlo 24h en el hospital porque no se puede quedar solo, y tiene que atender a su madre tambiÃƒÂ©n dependiente. A todo esto hay que sumarle el tiempo que necesita para gestionar su nueva situaciÃƒÂ³n: invalidez, desalojo del piso alquilado en jerez, cuidados mÃƒÂ©dicos de su madreÃ¢â‚¬Â¦
En casa, la pareja de Gabi, estÃƒÂ¡ al cuidado de su madre, tambiÃƒÂ©n dependiente y de su hermano, con sÃƒÂ­ndrome de Down, ni siquiera puede aliviar a Gabi unas horas.
Ricardo necesita ayuda, alguien que pueda hacer turnos con Gabi para sus cuidados. No tienen medios econÃƒÂ³micos. Gabi estaba en paro cuando ocurriÃƒÂ³ esta tragedia.
Necesitamos tu ayuda, por poco que sea, para sufragar los gastos de un/a ayudante mientras estÃƒÂ© en el hospital.
Llevan casi dos meses con un nivel de gastos extremos y la asfixia es terrible. El dolor y la pena por lo que ha pasado aumenta al ver todo lo que hace falta para cuidarlo a ÃƒÂ©l ahora.
Muchas gracias por leernos, por apoyarles si puedes. Nosotras sus amigas, os lo agradecemos de corazÃƒÂ³n. ";Ricardo;6300;848;2023-07-03;2023-11-17;1;https://thumbs.dreamstime.com/b/courageous-middle-age-man-22963881.jpg
2;Worth a Haven Primary School;Hola a todos! Mi nombre es Leyre y estoy en Uganda haciendo un voluntariado en un colegio. El centro necesita fondos sobre todo para poder construir mÃƒÂ¡s aulas y poder mantener a los profesores que tienen ahora. Os comparto el vÃƒÂ­deo que he hecho con el fin de que veÃƒÂ¡is cÃƒÂ³mo es el centro y cÃƒÂ³mo es aquÃƒÂ­ el dÃƒÂ­a. Cualquier donaciÃƒÂ³n es voluntaria y serÃƒÂ¡ muy bien recibida! El plazo para poder donar es hasta el 16 de agosto, ya que de ÃƒÂ©ste modo podremos ir a sacar el dinero y a comprar los materiales con algunos trabajadores del colegio. Una vez se empiecen a comprar materiales de obra y se pague a los docentes, podrÃƒÂ© adjuntar fotografÃƒÂ­as que demuestren que el dinero ha sido invertido como se debe. Os agradecerÃƒÂ­a mucho que tambiÃƒÂ©n compartierais este vÃƒÂ­deo y mensaje para poder llegar al mÃƒÂ¡ximo nÃƒÂºmero de personas posibles. Wazinga! Muchas gracias!;Haven Primary School;5000;934;2023-07-04;2023-08-18;1;https://gdb.voanews.com/1BB5B89D-1A0D-4980-838D-1E35D913E711_cx0_cy1_cw0_w1200_r1.jpg
4;AYUDAME A AYUDARLA;Mi nombre es Laura, estamos recaudando fondos para los gastos veterinarios de MÃƒÂ­a, la perrita de una pareja de jubilados para los que la perrita es la luz y la alegria cada de cuando se despiertan. Por una vacuna y estando completamente sana, MÃƒÂ­a de solo 3 aÃƒÂ±os lleva en hospital una semana muy grave, los gastos veterinarios son muy altos, se acumulan las facturas y ellos no pueden afrontar los costes, por favor, solicitamos vuestra ayuda para poder salvarla, es MUY URGENTE.;Mia;2500;984;2023-07-04;2023-09-18;1;https://i.pinimg.com/originals/03/d9/9b/03d99b6ff34d3ee0b439e48ebb39e719.jpg
5;Proyecto de Cocina Gian;"Â¡Hola a todos! Hace dos aÃ±os que me he mudado a Sevilla, EspaÃ±a desde Puerto Rico en busca de una mejor vida y de perseguir mi sueÃ±o de cocinar. Luego de varios meses trabajando en una cocina en Sevilla decidi emprender, lanzarme al vacio y comenzar un proyecto que bautize como ""Fogon CaribeÃ±o"". Con este proyecto busco traer una propuesta gastronomica diferente a EspaÃ±a, representando a mi isla siempre. El proyecto me provee lo justo, buscando maneras de ampliar mi oferta he encontrado una plataforma de servicios privados en donde me han surgido dos eventos. Estos eventos conllevan una inversion inicial en equipo y productos que con mi ingreso no puedo costear. Agradezco cualquier ayuda para alcanzar esta meta y lograr adquirir lo necesario para impulsar este proyecto.";Carola Agosto;1000;82;2023-07-05;2023-08-19;1;https://i.ytimg.com/vi/izN242KZYIA/maxresdefault.jpg
3;Ascenso a Nacional Ok Bronce;Somos el Traviesas Hockey Club de Vigo, un club de hockey sobre patines desde 1969. Nuestro equipo senior masculino ha conseguido el ascenso a nacional, Ok bronce, un grupo de jugadores que han luchado y trabajado mucho por este club, y que han conseguido hacer que volvamos a ilusionarnos, y que volvamos a creer. Siempre hemos defendido que los sueÃƒÂ±os no se cumplen, los sueÃƒÂ±os se trabajan. Y ellos han desmostrado ser los mejores representates de nuestro lema #EquipoTraballoEsforzo. Este es el sueÃƒÂ±o de Pablo, de Carlos, de Isma, de Juan, de AntÃƒÂ³n, de Pedro, de Sergio, de Alvaro, de Javi, de Hugo, de Jaco, de MartÃƒÂ­n y de muchos otros que estan detrÃƒÂ¡s. Y como sus sueÃƒÂ±os, serÃƒÂ¡n siempre los nuestros, os pedimos que nos ayudeis a que puedan cumplirlo, por que nosotros solos no podemos volar tan alto todavÃƒÂ­a.;Traviesas Hockey Club de Vigo;15000;893;2023-07-05;2023-10-19;1;https://estaticos-cdn.prensaiberica.es/clip/78d00141-a285-4d07-8db8-614698982dd1_21-9-aspect-ratio_default_0.jpg
1;Todos por Eneko;"Desde las ganas de querer ayudar, apoyar y arropar, acudimos a esta plataforma, somos ""La Tribu"", un grupo de amigos de familias con niÃƒÂ±os, estamos sufriendo que una de nuestras familias integrantes estÃƒÂ¡ atravesando por un duro y largo periodo. Suponemos que si te llegÃƒÂ³ este mensaje es porque conoces la historia, pero si no es asÃƒÂ­, aquÃƒÂ­ os contamos un poquito de como esta siendo este proceso. Eneko es un niÃƒÂ±o de 8 aÃƒÂ±os, valiente y muy fuerte, vive con su familia en Ibiza. Este aÃƒÂ±o ha vivido un proceso muy difÃƒÂ­cil debido a la enfermedad de su madre (cÃƒÂ¡ncer de ovarios ) que reciÃƒÂ©n,despuÃƒÂ©s de muchas dificultades, ha logrado superar. En todos esos meses Eneko y su papÃƒÂ¡ Jose, apoyados de toda sus familia, han ayudado a mantener viva la sonrisa y la esperanza de su sÃƒÂºper mamÃƒÂ¡ Guadalupe . DespuÃƒÂ©s de esto, cuando todos creÃƒÂ­amos de que solo tenÃƒÂ­amos que festejar y alegrarnos juntos a nuestros queridos amigos, a Eneko le ha sido diagnosticado el linfoma de Burkitt, un linfoma bastante agresivo y de mas rÃƒÂ¡pido crecimiento. Gracias a su coraje y al tratamiento oncolÃƒÂ³gico estÃƒÂ¡ luchando sin cesar, pero hasta que termine dicho tratamiento tiene que seguir ingresado en el Hospital de Madrid en el que estÃƒÂ¡ desde el principio de la enfermedad. Una vez que acabe el tratamiento,Ã‚Â tendrÃƒÂ¡ que seguir acudiendo de manera regular al Hospital de Madrid, para controles y pruebas mÃƒÂ©dicas , y de manera paralela empezar con otras terapias alternativas para ayudar a que su recuperaciÃƒÂ³n sea lo mas rÃƒÂ¡pida,Ã‚Â eficaz y sana. Esto implicarÃƒÂ¡ inevitablemente una serie de gastos extraordinarios, sumados a la carga emotiva y a las responsabilidades educativas por parte de los padres y de toda la familia. Por todo ello facilitamos el acceso a esta plataforma con el fin de quien quiera apoyar a esta familia lo pueda hacer voluntaria y libremente, para que la ÃƒÂºltima preocupaciÃƒÂ³n de la familia sea la parte econÃƒÂ³mica. Lo recaudado irÃƒÂ¡ expresamente para gastos derivados del control de la enfermedad del niÃƒÂ±o, asÃƒÂ­ como lo que la familia considere beneficioso para su recuperaciÃƒÂ³n.Ã‚Â El dinero recaudado que no se gaste se donarÃƒÂ¡ a una fundaciÃƒÂ³n que estudia los diferentes tipos de Linfomas y apoya las familias que lo sufren. Muchas gracias ";Eneko;6500;594;2023-07-08;2023-08-22;1;https://i.pinimg.com/736x/8b/46/72/8b467277d94063fd2f37868eb346f954.jpg
6;Arte regional;Inspiradoras mujeres desean llevar su cultura al mundo a travez del arte y asi poder recoletar para fundar una escuela de art een su region.;Grupo Cultura es vida;4000;250;2023-08-28;2023-09-10;1;https://www.santamarta.gov.co/sites/default/files/emprendedores_samarios_en_feria_picnic_paraiso_3.jpg
2;Ayudemos a que Madou pueda estudiar en CanadÃƒÂ¡;Hola, me llamo Ana Leon. En 2017 estuve en Senegal, donde conviviaÂ­ con una familia algo mas de 3 meses, ellos me enseÃ±aron mucho sobre la vida alla. Mi estancia alla les dio fondos para enviar a su hijo mayor Madou a la escuela, donde pudo terminar Bachiller. Ahora Madou ha solicitado poder ir a CanadÃƒÂ¡ donde seguir sus estudios de Formacion Profesional, y siendo aceptado en la Escuela Profesional, necesita acreditar tener 3.054 euros a su llegada a CanadaÂ¡. Toda su familia trabaja en el campo, yo he compartido largas jornadas de trabajo con ellos/as, y aun pudiendo ser ayudado en CanadaÂ¡ por un amigo de la familia una vez se encuentre alli, para poder entrar le piden 3.054 euros dinero que aun no ha podido recaudar. Yo voy a colaborar con el, pero no dispongo de tanto dinero, de ahÃƒÂ­ que os pida colaboraciÃƒÂ³n para poder enviarle el dinero lo antes posible, ya que en septiembre inicia el programa de estudios en CanadÃƒÂ¡. Cualquier aportaciÃƒÂ³n por pequeÃƒÂ±a que sea ayudarÃƒÂ¡ a Madou, a su familia y su aldea. ;Madou;3054;401;2023-07-12;2023-12-26;1;https://labottegadellestorie.org/wp-content/uploads/2012/05/omar.jpg
4;Ayuda a Luna, mi hija perruna, con su glaucoma;Hola soy Tania y estamos recaudando estos fondos sin que Kathya mi hermana se entere. Ella ha vivido toda su vida en Ecuador y hace unos 5 aÃƒÂ±os atrÃƒÂ¡s decidiÃƒÂ³ hacer un master en EspaÃƒÂ±a donde ahora reside. Luna, su perrita Husky a quien ha cuidado desde que era una simple cachorra quedÃƒÂ³ a cuidado de nuestra familia en Ecuador hasta que pudo finalmente con todos los obstÃƒÂ¡culos que se impusieron por pandemia, llevarla con ella a Madrid en febrero del 2022. Luna ha podido solo vivir esta nueva vida por aÃƒÂ±o y medio, ya que hace unos dÃƒÂ­as atrÃƒÂ¡s nos informaron que Luna sufre de glaucoma congÃƒÂ©nito y ya ha perdido toda visiÃƒÂ³n de su ojito izquierdo. Tambien nos dijeron que su ojo derecho tiene casi los mismos problemas y con tratamiento le dan de 6 meses a 2 aÃƒÂ±os antes que lo pueda perder totalmente. Luna es una perra activa de 8 aÃƒÂ±os, y nos rompe el corazÃƒÂ³n saber que no va a poder seguir siendo esa misma perrita, si nos puedes ayudar hacer esta causa menos dolorosa te lo agradecemos de todo corazÃƒÂ³n. Luna de ahora en adelante requerirÃƒÂ¡ de muchos mas cuidados y medicamentos, posiblemente de equipos que le ayuden a moverse y adaptarse a la situaciÃƒÂ³n que se nos presenta. Todas sus donaciones servirÃƒÂ¡n para cubrir los gastos mÃƒÂ©dicos. ?? kathya aunque no sepa les agradece de antemano.;Tania Peralta;3000;434;2023-07-17;2023-08-31;1;https://i.pinimg.com/236x/63/79/56/6379569fa9204d21f596c074805b54d6.jpg
2;Ayuda para niÃƒÂ±os y adultos con TDAH;"Hola somos Amhida Asociacionin de Hiperactvidad y Deficit de Atencion estamos en Ciudad Real y necesitamos ayuda para mantener la asociacion a flote.
Nuestros niÃ±os y niÃ±as necesitan a profesionales que les ayuden a controlar y saber manejar el TDAH.
Amhida llega donde las instituciones pÃƒÂºblicas no pueden.

Nuestros chicos necesitan un espacio donde compartir sus experiencias, su vivencias... esto es Amhida. ";Amhida;6000;334;2023-07-20;2023-09-03;1;https://codexpsicologia.com/wp-content/uploads/2020/08/tdah-300x198.jpg
1;Una oportunidad de vida;Soy Marisol. Con tu apoyo me daras una nueva oportunidad para seguir viviendo y empezar de nuevo. A mis 56 aÃ±s, buscando una mejor calidad de vida, el pasado mes de octubre del 2022 emigre de Venezuela a EspaÃ±. El 2 de diciembre del mismo aÃ±o 2022, consegi empleo en mi oficio de Pastelera. En enero del 2023 me diagnosticaron un tumor maligno en mi lengua que hizo metÃƒÂ¡stasis. El cÃƒÂ¡ncer se extendiÃƒÂ³ a uno de los ganglios linfÃƒÂ¡ticos del cuello. Un diagnÃƒÂ³stico totalmente inesperado ya que siempre he estado comprometida en llevar un estilo de vida saludable. No tengo ningÃƒÂºn tipo de adicciones, no fumo, no bebo y mi alimentaciÃƒÂ³n es muy sana. El 2 de febrero de 2023 me operaron. En el procedimiento quirÃƒÂºrgico me quitaron parte de la lengua. Debido a la localizaciÃƒÂ³n del cÃƒÂ¡ncer y a la metÃƒÂ¡stasis, los ganglios linfÃƒÂ¡ticos tambiÃƒÂ©n fueron extraÃƒÂ­dos completamente en el lado derecho del cuello para evitar que se extendiera a otras partes del cuerpo. Por lo delicado de la ubicaciÃƒÂ³n, el comitÃƒÂ© mÃƒÂ©dico decidiÃƒÂ³ realizarme treinta y tres (33) sesiones de radioterapia tanto en la boca como en el cuello. Todo ello originÃƒÂ³ muchos efectos secundarios. No hablo con claridad y no puedo masticar los alimentos teniendo que consumir dieta blanda y lÃƒÂ­quida. Como resultado, presento un cuadro clÃƒÂ­nico de desnutriciÃƒÂ³n, me siento dÃƒÂ©bil. La cirugÃƒÂ­a o disecciÃƒÂ³n del cuello, ha traÃƒÂ­do tambiÃƒÂ©n como consecuencia el haber perdido la movilidad del cuello, hombro y brazo derecho. He realizado terapia de rehabilitaciÃƒÂ³n, sin embargo ya no tengo las mismas habilidades fÃƒÂ­sicas para mover mi brazo como antes. Los mÃƒÂ©dicos me informaron que es irreversible, por lo que me recomendaron tramitar lo que se llama Ã¢â‚¬Å“Reconocimiento de grado de discapacidadÃ¢â‚¬Â que tarda un (1) aÃƒÂ±o aproximadamente en ser aprobado. Este diagnÃƒÂ³stico cambiÃƒÂ³ mi vida. Implica incluso que, despuÃƒÂ©s de mÃƒÂ¡s de 20 aÃƒÂ±os dedicados a la gastronomÃƒÂ­a, deba buscar y prepararme en un nuevo oficio. QuedÃƒÂ© sin empleo y sin ayuda econÃƒÂ³mica ya que sistema de seguridad social en EspaÃƒÂ±a indica que debo tener al menos 6 meses mÃƒÂ­nimo de trabajo continuo para optar por alguna ayuda gubernamental. El dÃƒÂ­a de la operaciÃƒÂ³n solo tenÃƒÂ­a 2 meses trabajando, en perÃƒÂ­odo de prueba. DebÃƒÂ­ darme de baja laboral para asistir a la cirugÃƒÂ­a y cumplir el tratamiento. Cuando notifiquÃƒÂ© a la empresa el diagnÃƒÂ³stico, decidieron prescindir de mis servicios. El Sistema de Salud espaÃƒÂ±ol ha cubierto aproximadamente un 70% de los costos de operaciÃƒÂ³n, radioterapia, medicamentos, complementos alimenticios, seguimiento mÃƒÂ©dico y rehabilitaciÃƒÂ³n. El 30% restante referente a compra de medicamentos, transporte para asistir a las citas, alimentaciÃƒÂ³n y servicios, los he costeado con mis ahorros, una ayuda bÃƒÂ¡sica para alimentos de la AEContra el CÃƒÂ¡ncer y la colaboraciÃƒÂ³n de familiares y amigos maravillosos que me han apoyado generosamente como han podido. Sin embargo, todos los recursos econÃƒÂ³micos se agotaron. Debo mudarme urgentemente del lugar donde resido, pero no tengo la disponibilidad ni la capacidad monetaria para hacerlo. En estas condiciones de salud, me siento fÃƒÂ­sica y emocionalmente muy afectada. Con tu generosidad tendrÃƒÂ­a una nueva oportunidad para poder recuperarme bajo un techo seguro y digno, tener estabilidad para retomar la bÃƒÂºsqueda de un empleo, un nuevo oficio y seguir adelante. Un dÃƒÂ­a a la vez, el tiempo que me quede por vivir. EstarÃƒÂ© profundamente agradecida por tu aporte. Que tu generosidad se multiplique para ti en bienestar y en tener siempre todas tus necesidades cubiertas. ;Maria Soledad Ossorio Santos;3500;332;2023-07-22;2023-09-05;1;https://media.istockphoto.com/id/1180800920/es/foto/retrato-de-una-mujer-seria.jpg?s=612x612&w=0&k=20&c=WHWgRiIFWTpdNHYAGPFhz-YXa9xZq9dB9CgBm00xsEU=
4;A Pikachu;Buenas, tenemos un gatito llamado Pikachu, se cayo desde un tercer piso, se a roto las 2 patitas traseras y hay que hacerle una cirugia de 2000Ã¢â€šÂ¬ cual no tenemos, en la casa solo somos mi madre y yo que aportamos dinero y no tenemos suficiente, Pikachu es nuestro gatito, es sÃƒÂºper bueno y muy cariÃƒÂ±oso, es el mÃƒÂ¡s consentido de la familia y lo queremos muchÃƒÂ­simo, nos duele el corazÃƒÂ³n verlo asÃƒÂ­, es nuestro pequeÃƒÂ±o de la casa, porfavor cualquier ayuda es buena, entre todos con un poquito, con un granito de arena que se aporte porfavor, queremos que Pikachu vuelva a casa recuperado. Muchas gracias a todos por la comprensiÃƒÂ³n y la ayuda de corazÃƒÂ³n;Lucian Gabriel Bucur;2000;388;2023-07-25;2023-09-08;1;https://www.hillspet.com/content/dam/cp-sites/hills/hills-pet/en_us/img/article/orange-and-white-cat-with-broken-leg-in-blue-cast-SW.jpg
4;Ayudanos a salvar a REY;REY no respira bien y necesita una cirugi de diafragma para poder seguir viviendo. La cirugia cuesta 2000 y necesitamos AYUDA urgentemente para salvar la vida de este pequeño. Ayudanos a conseguir una vida para el. Rey llego a nosotros despuÃƒÂ©s de una llamada advirtiÃƒÂ©ndonos del abandono de un bebe, un coche habÃƒÂ­a parado y tirado a un gatito cerca de un descampado. Manos a la obra y pudimos hacernos cargo de ÃƒÂ©l, pero las malas noticias nunca llegan solasÃ¢â‚¬Â¦ El pequeÃƒÂ±o Rey no respiraba bien y despuÃƒÂ©s de un estudio veterinario, sabemos que sin esta operaciÃƒÂ³n no podrÃƒÂ¡ seguir adelante. A nuestro Rey le queremos mostrar que si hay bondad en la humanidad y que con la ayuda de todos lo salvaremos.;AGYA Gatos y Amigos;550;375;2023-08-02;2023-09-16;1;https://www.catcareofvinings.com/blog/wp-content/uploads/2022/09/iStock-1141292071.jpg
6;Porque ser artista no tiene limites;Josue Benjamin Figueroa es le primero niño artista en abrir su primer Museo. Su historia inspira a muchos y desea llevar su arte a todo el publico. Ayudale a cumplir con sus sueñs y que sea inspiracion para los jovenes del mundo actual.;Josue Benjamin Figueroa;3500;0;2023-08-28;2023-09-10;1;https://i0.wp.com/efectococuyo.com/wp-content/uploads/2022/04/image0-1.jpeg?resize=780%2C966&ssl=1
